id,brand,model,year,mileage_km,fuel_type,engine_capacity_l,power_hp,gearbox,price_pln,body_type,first_owner,accident_free,days_to_sell,image_url
1,BMW,Seria 3 320d xDrive M-Sport,2021,68000,Diesel,2.0,190,Automatyczna,149900,Sedan,Tak,Tak,18,https://images.unsplash.com/photo-1555215695-3004980ad54e?auto=format&fit=crop&w=800&q=80
2,Audi,A4 Avant 40 TDI quattro,2020,89000,Diesel,2.0,204,Automatyczna,138500,Kombi,Tak,Tak,24,https://images.unsplash.com/photo-1603584173870-7f23fdae1b7a?auto=format&fit=crop&w=800&q=80
3,Mercedes-Benz,Klasa C C200 AMG Line,2022,34000,Hybryda,1.5,204,Automatyczna,189000,Sedan,Tak,Tak,12,https://images.unsplash.com/photo-1618843479313-40f8afb4b4d8?auto=format&fit=crop&w=800&q=80
4,Toyota,Corolla TS Kombi 1.8 Hybrid,2022,42000,Hybryda,1.8,122,Automatyczna,98500,Kombi,Tak,Tak,15,https://images.unsplash.com/photo-1621007947382-bb3c3994e3fb?auto=format&fit=crop&w=800&q=80
5,Volkswagen,Golf 8 1.5 eTSI Style,2021,55000,Benzyna,1.5,150,Automatyczna,92000,Hatchback,Nie,Tak,29,https://images.unsplash.com/photo-1541899481282-d53bffe3c35d?auto=format&fit=crop&w=800&q=80
6,Skoda,Octavia Combi 2.0 TDI RS,2021,79000,Diesel,2.0,200,Automatyczna,127000,Kombi,Tak,Tak,21,https://images.unsplash.com/photo-1549399542-7e3f8b79c341?auto=format&fit=crop&w=800&q=80
7,Volvo,XC60 B4 AWD Momentum,2020,95000,Hybryda,2.0,197,Automatyczna,159000,SUV,Tak,Tak,32,https://images.unsplash.com/photo-1590362891991-f776e747a588?auto=format&fit=crop&w=800&q=80
8,Ford,Focus ST-Line 1.0 EcoBoost,2020,72000,Benzyna,1.0,125,Manualna,69900,Hatchback,Nie,Tak,35,https://images.unsplash.com/photo-1551830820-330a71b99659?auto=format&fit=crop&w=800&q=80
9,Kia,Sportage 1.6 T-GDI MHEV,2022,31000,Hybryda,1.6,150,Automatyczna,124900,SUV,Tak,Tak,14,https://images.unsplash.com/photo-1609521263047-f8f205293f24?auto=format&fit=crop&w=800&q=80
10,Hyundai,Tucson 1.6 T-GDI Hybrid N Line,2023,19000,Hybryda,1.6,230,Automatyczna,154000,SUV,Tak,Tak,9,https://images.unsplash.com/photo-1583121274602-3e2820c69888?auto=format&fit=crop&w=800&q=80
11,Tesla,Model 3 Long Range AWD,2022,48000,Elektryczny,0.0,440,Automatyczna,159900,Sedan,Tak,Tak,19,https://images.unsplash.com/photo-1560958089-b8a1929cea89?auto=format&fit=crop&w=800&q=80
12,BMW,X5 xDrive30d M Sport,2019,118000,Diesel,3.0,265,Automatyczna,229000,SUV,Tak,Tak,27,https://images.unsplash.com/photo-1580273916550-e323be2ae537?auto=format&fit=crop&w=800&q=80
13,Audi,Q5 45 TFSI quattro S Line,2021,52000,Benzyna,2.0,265,Automatyczna,179900,SUV,Tak,Tak,22,https://images.unsplash.com/photo-1542282088-72c9c27ed0cd?auto=format&fit=crop&w=800&q=80
14,Toyota,RAV4 2.5 Hybrid Selection AWD,2021,61000,Hybryda,2.5,222,Automatyczna,139000,SUV,Tak,Tak,16,https://images.unsplash.com/photo-1617469767053-d3b523a0b982?auto=format&fit=crop&w=800&q=80
15,Mazda,6 2.0 SkyActiv-G SkyPRESTIGE,2019,83000,Benzyna,2.0,165,Manualna,84500,Sedan,Tak,Tak,26,https://images.unsplash.com/photo-1552519507-da3b142c6e3d?auto=format&fit=crop&w=800&q=80
16,Cupra,Formentor 2.0 TSI VZ 4Drive,2022,29000,Benzyna,2.0,310,Automatyczna,168000,SUV,Tak,Tak,11,https://images.unsplash.com/photo-1605559424843-9e4c228bf1c2?auto=format&fit=crop&w=800&q=80
17,Renault,Clio TCe 90 Intens,2021,49000,Benzyna,1.0,91,Manualna,54900,Hatchback,Tak,Tak,30,https://images.unsplash.com/photo-1549399542-7e3f8b79c341?auto=format&fit=crop&w=800&q=80
18,Peugeot,3008 1.5 BlueHDi GT Pack,2021,67000,Diesel,1.5,130,Automatyczna,109000,SUV,Tak,Tak,25,https://images.unsplash.com/photo-1533473359331-0135ef1b58bf?auto=format&fit=crop&w=800&q=80
19,Porsche,Macan GTS 2.9 V6,2020,58000,Benzyna,2.9,380,Automatyczna,319000,SUV,Tak,Tak,17,https://images.unsplash.com/photo-1503376780353-7e6692767b70?auto=format&fit=crop&w=800&q=80
20,Nissan,Qashqai 1.3 DIG-T MHEV Tekna,2022,35000,Hybryda,1.3,158,Automatyczna,116000,SUV,Tak,Tak,20,https://images.unsplash.com/photo-1583121274602-3e2820c69888?auto=format&fit=crop&w=800&q=80
21,BMW,Seria 5 530i xDrive M Sport,2020,78000,Benzyna,2.0,252,Automatyczna,179000,Sedan,Tak,Tak,23,https://images.unsplash.com/photo-1523983388277-336a66bf9bcd?auto=format&fit=crop&w=800&q=80
22,Mercedes-Benz,GLC 220d 4MATIC Coupé,2021,54000,Diesel,2.0,194,Automatyczna,215000,SUV,Tak,Tak,13,https://images.unsplash.com/photo-1617788138017-80ad40651399?auto=format&fit=crop&w=800&q=80
23,Audi,A6 Avant 45 TDI quattro S-Line,2019,105000,Diesel,3.0,231,Automatyczna,169500,Kombi,Nie,Tak,31,https://images.unsplash.com/photo-1541899481282-d53bffe3c35d?auto=format&fit=crop&w=800&q=80
24,Skoda,Superb Combi 2.0 TSI L&K,2022,41000,Benzyna,2.0,280,Automatyczna,158000,Kombi,Tak,Tak,15,https://images.unsplash.com/photo-1549399542-7e3f8b79c341?auto=format&fit=crop&w=800&q=80
25,Toyota,Yaris Cross 1.5 Hybrid Executive,2023,16000,Hybryda,1.5,116,Automatyczna,108900,SUV,Tak,Tak,8,https://images.unsplash.com/photo-1621007947382-bb3c3994e3fb?auto=format&fit=crop&w=800&q=80
26,Volkswagen,Passat Variant 2.0 TDI Elegance,2020,88000,Diesel,2.0,190,Automatyczna,119900,Kombi,Tak,Tak,28,https://images.unsplash.com/photo-1541899481282-d53bffe3c35d?auto=format&fit=crop&w=800&q=80
27,Volvo,XC90 T8 Recharge Inscription,2021,63000,Hybryda,2.0,390,Automatyczna,279000,SUV,Tak,Tak,21,https://images.unsplash.com/photo-1590362891991-f776e747a588?auto=format&fit=crop&w=800&q=80
28,Seat,Leon Cupra 2.0 TSI DSG,2019,77000,Benzyna,2.0,290,Automatyczna,96000,Hatchback,Nie,Tak,34,https://images.unsplash.com/photo-1605559424843-9e4c228bf1c2?auto=format&fit=crop&w=800&q=80
29,Ford,Kuga 2.5 Plug-in Hybrid ST-Line X,2022,39000,Hybryda,2.5,225,Automatyczna,136000,SUV,Tak,Tak,19,https://images.unsplash.com/photo-1551830820-330a71b99659?auto=format&fit=crop&w=800&q=80
30,Kia,Ceed SW 1.5 T-GDI Business Line,2021,61000,Benzyna,1.5,160,Manualna,74900,Kombi,Tak,Tak,27,https://images.unsplash.com/photo-1609521263047-f8f205293f24?auto=format&fit=crop&w=800&q=80
